{
  "ub/advanced-heading": "https://ultimateblocks.com/advanced-heading-block/",
  "ub/button": "https://ultimateblocks.com/improved-button-block/",
  "ub/call-to-action-block": "https://ultimateblocks.com/call-to-action-block/",
  "ub/click-to-tweet": "https://ultimateblocks.com/click-to-tweet-block/",
  "ub/content-filter-block": "https://ultimateblocks.com/content-filter-block/",
  "ub/content-toggle-block": "https://ultimateblocks.com/content-toggle-accordion-block/",
  "ub/countdown": "https://ultimateblocks.com/countdown-block/",
  "ub/coupon": "https://ultimateblocks.com/coupon-block/",
  "ub/divider": "https://ultimateblocks.com/divider-block/",
  "ub/expand": "https://ultimateblocks.com/expand-block/",
  "ub/how-to": "https://ultimateblocks.com/howto-schema-block/",
  "ub/image-slider": "https://ultimateblocks.com/image-slider-block/",
  "ub/post-grid": "https://ultimateblocks.com/post-grid-block/",
  "ub/progress-bar": "https://ultimateblocks.com/progress-bar-block/",
  "ub/review": "https://ultimateblocks.com/schema-review-block/",
  "ub/social-share": "https://ultimateblocks.com/social-share-block/",
  "ub/star-rating-block": "https://ultimateblocks.com/star-rating-block/",
  "ub/styled-box": "https://ultimateblocks.com/styled-box-block/",
  "ub/styled-list": "https://ultimateblocks.com/styled-list-block/",
  "ub/tabbed-content-block": "https://ultimateblocks.com/tabbed-content-block/",
  "ub/table-of-contents-block": "https://ultimateblocks.com/table-of-contents-block/",
  "ub/testimonial": "https://ultimateblocks.com/testimonial-block/"
}